Workbook

Sheet 1. DATOS
A1: SISTEMA AETERION - INPUT SII
A2: Peso (kg) | B2: 72 | D2: 1. Ingresa datos en celdas AZULES.
A3: Estatura (cm) | B3: 170 | D3: 2. Factor Actividad:
A4: Edad | B4: 21 | D4: 1.2 Sedentario
A5: Sexo (1=M, 0=F) | B5: 1 | D5: 1.375 Ligero (1-3 días)
A6: Actividad (1.2-1.9) | B6: 1.375 | D6: 1.55 Moderado (3-5 días)
A7: Objetivo (1, 2, 3) | B7: 1 | D7: 1.725 Fuerte (6-7 días)
D8: 1.9 Atleta (2 veces al dia)
D9: 3. El sistema calcula macros basados en evidencia clínica AMDR/ADA.
D11: Objetivo: | G11: RECOMENDACIÓN: Mas importa el porcentaje de grasa corporal y visceral que el peso. Checa estos parametros y cintura.
D12: 1: Perdida de grasa. | G12: Cintura hombre: Menor a 94cm. | K12: MAYOR A ESOS VALORES, MAS RIESGO
D13: 2: Mantenimiento. | G13: Cintura mujer: Menor a 80cm.
D14: 3: Ganancia muscular. | G14: Grasa corporal saludable hombre: 14-17%. Mas de 25%= Obesidad.
G15: Grasa corporal saludable mujer: 21-24%. Mas de 32%= Obesidad.

Sheet 2. RESULTADOS
A1: DASHBOARD SII (LOW FODMAP)
A2: METRICA | B2: GRAMOS TOTALES | C2: PORCENTAJE
A3: Calorías Totales | B3: =((10*'1. DATOS'!B2)+(6.25*'1. DATOS'!B3)-(5*'1. DATOS'!B4)+IF('1. DATOS'!B5=1,5,-161))*'1. DATOS'!B6*IF('1. DATOS'!B7=1,0.85,IF('1. DATOS'!B7=3,1.1,1)) -> 1966.4219 | C3: 100%
A4: Carbohidratos | B4: =B3*0.5/4 -> 245.80273 | C4: 50%
A5: Proteína | B5: =B3*0.22/4 -> 108.1532 | C5: 22%
A6: Grasas | B6: =B3*0.28/9 -> 61.177569 | C6: 28%

Sheet 3. GUIA ALIMENTACION
A1: 08:00 AM | B1: DESAYUNO
B2: PROTEÍNA (ELEGIR 1 - PESAR EN CRUDO):
B3: Pechuga de Pollo | C3: =ROUND('2. RESULTADOS'!$B$5/3/0.23, 0) & " g" -> 157 g
B4: Pescado Blanco | C4: =ROUND('2. RESULTADOS'!$B$5/3/0.2, 0) & " g" -> 180 g
B5: Res Magra | C5: =ROUND('2. RESULTADOS'!$B$5/3/0.22, 0) & " g" -> 164 g
B6: Huevos Enteros | C6: =ROUND('2. RESULTADOS'!$B$5/3/6.5, 1) & " pzas" -> 5.5 pzas
B7: VERDURAS (1-2 tazas) Zanahoria, Calabacita, Chayote, Espinaca, Ejotes, Pepino (sin semillas), Berenjena, Nopal.
A11: 02:00 PM | B11: COMIDA
B12: PROTEÍNA (ELEGIR 1 - PESAR EN CRUDO):
B13: Pechuga de Pollo | C13: =ROUND('2. RESULTADOS'!$B$5/3/0.23, 0) & " g" -> 157 g
B14: Pescado Blanco | C14: =ROUND('2. RESULTADOS'!$B$5/3/0.2, 0) & " g" -> 180 g
B15: Res Magra | C15: =ROUND('2. RESULTADOS'!$B$5/3/0.22, 0) & " g" -> 164 g
B16: Huevos Enteros | C16: =ROUND('2. RESULTADOS'!$B$5/3/6.5, 1) & " pzas" -> 5.5 pzas
B17: VERDURAS (1-2 tazas) Zanahoria, Calabacita, Chayote, Espinaca, Ejotes, Pepino (sin semillas), Berenjena, Nopal.
A21: 08:00 PM | B21: CENA
B22: PROTEÍNA (ELEGIR 1 - PESAR EN CRUDO):
B23: Pechuga de Pollo | C23: =ROUND('2. RESULTADOS'!$B$5/3/0.23, 0) & " g" -> 157 g
B24: Pescado Blanco | C24: =ROUND('2. RESULTADOS'!$B$5/3/0.2, 0) & " g" -> 180 g
B25: Res Magra | C25: =ROUND('2. RESULTADOS'!$B$5/3/0.22, 0) & " g" -> 164 g
B26: Huevos Enteros | C26: =ROUND('2. RESULTADOS'!$B$5/3/6.5, 1) & " pzas" -> 5.5 pzas
B27: VERDURAS (1-2 tazas) Zanahoria, Calabacita, Chayote, Espinaca, Ejotes, Pepino (sin semillas), Berenjena, Nopal.
A28: 0.83333333 | B28: A PARTIR DE ESTA HORA SE RECOMIENDA NO CONSUMIR MAS ALIMENTO
A31: LÍQUIDOS | B31: Solo agua, jamaica, té o café (Sin azucar o edulcorante).
A32: COCCIÓN | B32: Usar spray de oliva (PAM), evitar freír, sal a considerar.
A33: PROHIBIDO/ NO RECOMENDADO | B33: Embutidos, aderezos (ketchup/mayo), refrescos, alimentos ultra procesados.
A34: FIBRA | B34: Alimentos altos en fibra o suplementar con Psyllium. Chia y linaza opciones considerables (Consultar dosis seguras).
A35: IMPORTANTE LLEGAR AL REQUERIMIENTO DE FIBRA DIARIO PARA BUENA SALUD INTESTINAL Y COLORRECTAL.

Sheet 4. LISTAS ALIMENTOS
A1: FRUTAS SEGURAS (OK) | B1: Papaya, Melón, Fresa, Kiwi, Piña, Mandarina, Naranja, Plátano (firme).
A3: FRUTAS A EVITAR (NO) | B3: Manzana, Pera, Sandía, Mango, Durazno, Frutas secas, Ciruelas.
A5: VERDURAS SEGURAS (OK) | B5: Zanahoria, Calabacita, Chayote, Espinaca, Ejotes, Pepino (sin semillas), Berenjena, Nopal.
A7: VERDURAS A EVITAR (NO) | B7: Brócoli, Coliflor, Cebolla, Ajo, Alcachofa, Espárragos, Champiñones, Col.
A9: LÁCTEOS Y SUSTITUTOS | B9: Leche deslactosada, Quesos maduros (parmesano), Leche de almendra/coco.
A11: CEREALES SEGUROS | B11: Tortilla de Maíz, Arroz blanco, Papa (sin cáscara), Camote, Quinoa, Galletas de arroz.

Sheet 5. EQUIVALENCIAS CARBS
A1: CARBOHIDRATO (BAJO FODMAP) | B1: TOTAL AL DÍA | C1: POR COMIDA (3 Tiempos)
A2: Tortilla de Maíz nixtamalizada | B2: =ROUND('2. RESULTADOS'!$B$4/15*1, 1) & " piezas/tazas" -> 16.4 piezas/tazas | C2: =ROUND(('2. RESULTADOS'!$B$4/3)/15*1, 1) & " piezas/tazas" -> 5.5 piezas/tazas
A3: Arroz Blanco cocido | B3: =ROUND('2. RESULTADOS'!$B$4/15*0.25, 1) & " piezas/tazas" -> 4.1 piezas/tazas | C3: =ROUND(('2. RESULTADOS'!$B$4/3)/15*0.25, 1) & " piezas/tazas" -> 1.4 piezas/tazas
A4: Papa cocida (sin cáscara) | B4: =ROUND('2. RESULTADOS'!$B$4/15*0.5, 1) & " piezas/tazas" -> 8.2 piezas/tazas | C4: =ROUND(('2. RESULTADOS'!$B$4/3)/15*0.5, 1) & " piezas/tazas" -> 2.7 piezas/tazas
A5: Quinoa cocida | B5: =ROUND('2. RESULTADOS'!$B$4/15*0.25, 1) & " piezas/tazas" -> 4.1 piezas/tazas | C5: =ROUND(('2. RESULTADOS'!$B$4/3)/15*0.25, 1) & " piezas/tazas" -> 1.4 piezas/tazas
A6: Camote cocido | B6: =ROUND('2. RESULTADOS'!$B$4/15*0.25, 1) & " piezas/tazas" -> 4.1 piezas/tazas | C6: =ROUND(('2. RESULTADOS'!$B$4/3)/15*0.25, 1) & " piezas/tazas" -> 1.4 piezas/tazas
A7: Avena (ración controlada) | B7: =ROUND('2. RESULTADOS'!$B$4/15*0.33, 1) & " piezas/tazas" -> 5.4 piezas/tazas | C7: =ROUND(('2. RESULTADOS'!$B$4/3)/15*0.33, 1) & " piezas/tazas" -> 1.8 piezas/tazas
A8: Fruta Segura (1 ración) | B8: =ROUND('2. RESULTADOS'!$B$4/15*1, 1) & " piezas/tazas" -> 16.4 piezas/tazas | C8: =ROUND(('2. RESULTADOS'!$B$4/3)/15*1, 1) & " piezas/tazas" -> 5.5 piezas/tazas
