Workbook

Sheet 1. DATOS
A1: SISTEMA AETERION - INPUT
A2: Peso (kg) | B2: 75 | D2: 1. Ingresa datos en celdas AZULES.
A3: Estatura (cm) | B3: 170 | D3: 2. Factor Actividad:
A4: Edad | B4: 21 | D4: 1.2 Sedentario
A5: Sexo (1=M, 0=F) | B5: 1 | D5: 1.375 Ligero (1-3 días)
A6: Actividad (1.2-1.9) | B6: 1.55 | D6: 1.55 Moderado (3-5 días)
A7: Objetivo (1, 2, 3) | B7: 3 | D7: 1.725 Fuerte (6-7 días)
D8: 1.9 Atleta (2 veces al dia)
D9: 3. El sistema calcula macros basados en evidencia clínica AMDR/ADA.
D11: Objetivo: | G11: RECOMENDACIÓN: Mas importa el porcentaje de grasa corporal y visceral que el peso. Checa estos parametros y cintura.
D12: 1: Perdida de grasa. | G12: Cintura hombre: Menor a 94cm. | K12: MAYOR A ESOS VALORES, MAS RIESGO
D13: 2: Mantenimiento. | G13: Cintura mujer: Menor a 80cm.
D14: 3: Ganancia muscular. | G14: Grasa corporal saludable hombre: 14-17%. Mas de 25%= Obesidad.
G15: Grasa corporal saludable mujer: 21-24%. Mas de 32%= Obesidad.

Sheet 2. RESULTADOS
A1: DASHBOARD NUTRICIONAL
A2: METRICA | B2: GRAMOS TOTALES | C2: PORCENTAJE
A3: Calorías Totales | B3: =((10*'1. DATOS'!B2)+(6.25*'1. DATOS'!B3)-(5*'1. DATOS'!B4)+IF('1. DATOS'!B5=1,5,-161))*'1. DATOS'!B6*IF('1. DATOS'!B7=1,0.85,IF('1. DATOS'!B7=3,1.1,1)) -> 2919.8125 | C3: 100%
A4: Carbohidratos | B4: =B3*0.5/4 -> 364.97656 | C4: 50%
A5: Proteína | B5: =B3*0.22/4 -> 160.58969 | C5: 22%
A6: Grasas | B6: =B3*0.28/9 -> 90.838611 | C6: 28%

Sheet 3. GUÍA ALIMENTACIÓN
A1: 0.25 | B1: DESAYUNO: | C1: Yoghurt griego sin azucar con avena y semillas o con fruta, o un pan de caja doble cero con crema de cacahuate natural.
E2: Al despertar, lo primero a consumir es agua.
A3: 0.5 | B3: COMIDA 1: ELEGIR UNA DE LAS SIGUIENTES | M3: Frutas( 1-2 porciones al dia)
B4: OPCIONES (PESAR EN CRUDO): | L4: Toronja | N4: Durazno
B5: Pechuga de Pollo | C5: =ROUND('2. RESULTADOS'!$B$5/3/0.23, 0) & " g" -> 233 g | L5: Pera | N5: Sandia
B6: Pescado Blanco | C6: =ROUND('2. RESULTADOS'!$B$5/3/0.2, 0) & " g" -> 268 g | L6: Uvas
B7: Carne Roja Magra | C7: =ROUND('2. RESULTADOS'!$B$5/3/0.22, 0) & " g" -> 243 g | L7: Fresas
B8: Huevo Entero (Piezas) | C8: =ROUND('2. RESULTADOS'!$B$5/3/6.5, 1) & " pzas" -> 8.2 pzas | L8: Melon
B9: VERDURAS (Mínimo 1-2 tazas, de preferencia crudo o semicrudo): Chayote, Aguacate, Espinaca, Brócoli, Espárragos, Calabacita, Lechuga, Ejotes, Jícama, Pepino, Nopales, etc.
A10: 0.70833333 | B10: COMIDA 2: ELEGIR UNA DE LAS SIGUIENTES
B11: OPCIONES (PESAR EN CRUDO):
B12: Pechuga de Pollo | C12: =ROUND('2. RESULTADOS'!$B$5/3/0.23, 0) & " g" -> 233 g
B13: Pescado Blanco | C13: =ROUND('2. RESULTADOS'!$B$5/3/0.2, 0) & " g" -> 268 g
B14: Carne Roja Magra | C14: =ROUND('2. RESULTADOS'!$B$5/3/0.22, 0) & " g" -> 243 g
B15: Huevo Entero (Piezas) | C15: =ROUND('2. RESULTADOS'!$B$5/3/6.5, 1) & " pzas" -> 8.2 pzas
B16: VERDURAS (Mínimo 1-2 tazas, de preferencia crudo o semicrudo): Chayote, Aguacate, Espinaca, Brócoli, Espárragos, Calabacita, Lechuga, Ejotes, Jícama, Pepino, Nopales, etc.
A17: 0.83333333 | B17: COMIDA 3: ELEGIR UNA DE LAS SIGUIENTES
B18: OPCIONES (PESAR EN CRUDO):
B19: Pechuga de Pollo | C19: =ROUND('2. RESULTADOS'!$B$5/3/0.23, 0) & " g" -> 233 g
B20: Pescado Blanco | C20: =ROUND('2. RESULTADOS'!$B$5/3/0.2, 0) & " g" -> 268 g
B21: Carne Roja Magra | C21: =ROUND('2. RESULTADOS'!$B$5/3/0.22, 0) & " g" -> 243 g
B22: Huevo Entero (Piezas) | C22: =ROUND('2. RESULTADOS'!$B$5/3/6.5, 1) & " pzas" -> 8.2 pzas
B23: VERDURAS (Mínimo 1-2 tazas, de preferencia crudo o semicrudo): Chayote, Aguacate, Espinaca, Brócoli, Espárragos, Calabacita, Lechuga, Ejotes, Jícama, Pepino, Nopales, etc.
A24: 0.875 | B24: A PARTIR DE ESTA HORA SE RECOMIENDA NO CONSUMIR MAS ALIMENTO
B26: LÍQUIDOS | C26: Solo agua, jamaica, té o café (Sin azucar o edulcorante).
B27: COCCIÓN | C27: Usar spray de oliva (PAM), evitar freír, sal a considerar.
B28: PROHIBIDO/ NO RECOMENDADO | C28: Embutidos, aderezos (ketchup/mayo), refrescos, alimentos ultra procesados.
B29: FIBRA | C29: Alimentos altos en fibra(Soluble e insoluble) o suplementar con Psyllium y/o inulina de agave.
B30: IMPORTANTE LLEGAR AL REQUERIMIENTO DE FIBRA DIARIO PARA BUENA SALUD INTESTINAL Y COLORRECTAL

Sheet 4. EQUIVALENCIAS CARBS
A1: EQUIVALENCIAS TOTALES AL DÍA (ELIGE SOLO UN ALIMENTO)
A2: SI SOLO COMES ESTE ALIMENTO: | B2: ESTA ES LA CANTIDAD TOTAL PARA EL DÍA:
A3: Tortilla de maíz | B3: =ROUND('2. RESULTADOS'!$B$4/15, 0) & " piezas" -> 24 piezas
A4: Arroz cocido | B4: =ROUND(('2. RESULTADOS'!$B$4/15)*0.25, 1) & " tazas" -> 6.1 tazas
A5: Pasta cocida | B5: =ROUND(('2. RESULTADOS'!$B$4/15)*0.25, 1) & " tazas" -> 6.1 tazas
A6: Avena en hojuelas | B6: =ROUND(('2. RESULTADOS'!$B$4/15)*0.33, 1) & " tazas" -> 8 tazas
A7: Papa cocida | B7: =ROUND(('2. RESULTADOS'!$B$4/15)*0.5, 1) & " piezas" -> 12.2 piezas
A8: Camote cocido | B8: =ROUND(('2. RESULTADOS'!$B$4/15)*0.25, 1) & " tazas" -> 6.1 tazas
A9: Frijoles / Lentejas | B9: =ROUND(('2. RESULTADOS'!$B$4/15)*0.5, 1) & " tazas" -> 12.2 tazas
A10: Pan de caja | B10: =ROUND('2. RESULTADOS'!$B$4/15, 0) & " rebanadas" -> 24 rebanadas
A11: Bolillo (sin migajón) | B11: =ROUND(('2. RESULTADOS'!$B$4/15)*0.33, 1) & " pieza(s)" -> 8 pieza(s)
A12: Fruta (según porción) | B12: =ROUND('2. RESULTADOS'!$B$4/15, 0) & " porciones/piezas" -> 24 porciones/piezas
A14: Puedes elegir uno solo o combinar, divide las porciones o consume dependiendo lo que elijas.

Sheet Suplementos
A1: SUPLEMENTOS ( CONSULTAR MEDICO Y DOSIS ADECUADAS PARA TI) ES UNA RECOMENDACIÓN SI TU DIETA ES DEFICIENTE. RESPONSABILIDAD DE QUIEN LO CONSUME.
A2: Multivitaminico. | D2: Depende de tu dieta, suplementar con precaucion y conocimiento. Totalmente seguro si lo haces bien y adecuado a tus necesidades.
A3: Creatina (5g diarios).
A4: Potasio.
A5: Magnesio.
A6: Omega 3
A7: Vitamina C
A8: Vitamina D3
A9: Zinc
A10: Café
