Workbook

Sheet 1. DATOS
A1: SISTEMA AETERION - INPUT
A2: Peso (kg) | B2: 72 | D2: 1. Ingresa datos en celdas AZULES.
A3: Estatura (cm) | B3: 170 | D3: 2. Factor Actividad:
A4: Edad | B4: 21 | D4: 1.2 Sedentario
A5: Sexo (1=M, 0=F) | B5: 1 | D5: 1.375 Ligero (1-3 días)
A6: Actividad (1.2-1.9) | B6: 1.55 | D6: 1.55 Moderado (3-5 días)
A7: Objetivo (1, 2, 3) | B7: 3 | D7: 1.725 Fuerte (6-7 días)
D8: 1.9 Atleta (2 veces al dia)
D9: 3. El sistema calcula macros basados en evidencia clínica AMDR/ADA.
D11: Objetivo: | G11: RECOMENDACIÓN: Mas importa el porcentaje de grasa corporal y visceral que el peso. Checa estos parametros y cintura.
D12: 1: Perdida de grasa. | G12: Cintura hombre: Menor a 94cm. | K12: MAYOR A ESOS VALORES, MAS RIESGO
D13: 2: Mantenimiento. | G13: Cintura mujer: Menor a 80cm.
D14: 3: Ganancia muscular. | G14: Grasa corporal saludable hombre: 14-17%. Mas de 25%= Obesidad.
G15: Grasa corporal saludable mujer: 21-24%. Mas de 32%= Obesidad.

Sheet 2. RESULTADOS
A1: DASHBOARD: DIABETES
A2: METRICA | B2: GRAMOS TOTALES | C2: PORCENTAJE
A3: Calorías Totales | B3: =((10*'1. DATOS'!B2)+(6.25*'1. DATOS'!B3)-(5*'1. DATOS'!B4)+IF('1. DATOS'!B5=1,5,-161))*'1. DATOS'!B6*IF('1. DATOS'!B7=1,0.85,IF('1. DATOS'!B7=3,1.1,1)) -> 2868.6625 | C3: 100%
A4: Carbohidratos | B4: =B3*0.45/4 -> 322.72453 | C4: 45%
A5: Proteína | B5: =B3*0.22/4 -> 157.77644 | C5: 22%
A6: Grasas | B6: =B3*0.33/9 -> 105.18429 | C6: 33%
A8: FACTOR CORAZÓN (AHA)
A9: Además del control de glucosa, en diabetes también importa proteger el sistema cardiovascular. Se recomienda priorizar grasas insaturadas y moderar grasas saturadas. Meta práctica: mantener grasas saturadas bajas y evitar exceso de ultraprocesados, frituras, embutidos y grasas trans.
A12: Guía rápida:
A13: • Preferir aceite de oliva, aguacate, nueces y pescado.
A14: • Reducir embutidos, frituras, crema, mantequilla y bollería industrial.
A15: • En diabetes, cuidar el corazón es tan importante como cuidar la glucosa.

Sheet 3. GUÍA ALIMENTACIÓN
B1: Al despertar, lo primero a consumir es agua.
H3: Frutas( 1-2 porciones al dia)
A4: 0.375 | B4: COMIDA 1: | G4: Toronja | I4: Durazno
B5: PROTEÍNA (PESAR EN CRUDO - ELIGE UNA): | G5: Pera | I5: Sandia
B6: Pechuga de Pollo | C6: =ROUND('2. RESULTADOS'!$B$5/3/0.23, 0) & " g" -> 229 g | G6: Uvas
B7: Pescado Blanco | C7: =ROUND('2. RESULTADOS'!$B$5/3/0.2, 0) & " g" -> 263 g | G7: Fresas
B8: Carne Roja Magra | C8: =ROUND('2. RESULTADOS'!$B$5/3/0.22, 0) & " g" -> 239 g | G8: Melon
B9: Huevos Enteros (Piezas) | C9: =ROUND('2. RESULTADOS'!$B$5/3/6.5, 1) & " pzas" -> 8.1 pzas
B10: VERDURAS (Mínimo 1-2 tazas, de preferencia crudo o semicrudo): Chayote, Aguacate, Espinaca, Brócoli, Espárragos, Calabacita, Lechuga, Ejotes, Jícama, Pepino, Nopales, etc.
A12: 05:00 PM | B12: COMIDA 2:
B13: PROTEÍNA (PESAR EN CRUDO - ELIGE UNA):
B14: Pechuga de Pollo | C14: =ROUND('2. RESULTADOS'!$B$5/3/0.23, 0) & " g" -> 229 g
B15: Pescado Blanco | C15: =ROUND('2. RESULTADOS'!$B$5/3/0.2, 0) & " g" -> 263 g
B16: Carne Roja Magra | C16: =ROUND('2. RESULTADOS'!$B$5/3/0.22, 0) & " g" -> 239 g
B17: Huevos Enteros (Piezas) | C17: =ROUND('2. RESULTADOS'!$B$5/3/6.5, 1) & " pzas" -> 8.1 pzas
B18: VERDURAS (Mínimo 1-2 tazas, de preferencia crudo o semicrudo): Chayote, Aguacate, Espinaca, Brócoli, Espárragos, Calabacita, Lechuga, Ejotes, Jícama, Pepino, Nopales, etc.
A20: 08:00 PM | B20: COMIDA 3:
B21: PROTEÍNA (PESAR EN CRUDO - ELIGE UNA):
B22: Pechuga de Pollo | C22: =ROUND('2. RESULTADOS'!$B$5/3/0.23, 0) & " g" -> 229 g
B23: Pescado Blanco | C23: =ROUND('2. RESULTADOS'!$B$5/3/0.2, 0) & " g" -> 263 g
B24: Carne Roja Magra | C24: =ROUND('2. RESULTADOS'!$B$5/3/0.22, 0) & " g" -> 239 g
B25: Huevos Enteros (Piezas) | C25: =ROUND('2. RESULTADOS'!$B$5/3/6.5, 1) & " pzas" -> 8.1 pzas
B26: VERDURAS (Mínimo 1-2 tazas, de preferencia crudo o semicrudo): Chayote, Aguacate, Espinaca, Brócoli, Espárragos, Calabacita, Lechuga, Ejotes, Jícama, Pepino, Nopales, etc.
A27: 0.83333333 | B27: A PARTIR DE ESTA HORA SE RECOMIENDA NO CONSUMIR MAS ALIMENTO
A31: LÍQUIDOS | B31: Solo agua, jamaica, té o café (Sin azucar o edulcorante).
A32: COCCIÓN | B32: Usar spray de oliva (PAM), evitar freír, sal a considerar.
A33: PROHIBIDO/ NO RECOMENDADO | B33: Embutidos, aderezos (ketchup/mayo), refrescos, alimentos ultra procesados.
A34: FIBRA | B34: Alimentos altos en fibra(Soluble e insoluble) o suplementar con Psyllium y/o inulina de agave.
A35: IMPORTANTE LLEGAR AL REQUERIMIENTO DE FIBRA DIARIO PARA BUENA SALUD INTESTINAL , COLORRECTAL Y EVITAR PICOS DE GLUCOSA/ INSULINA

Sheet 4. EQUIVALENCIAS CARBS
A1: CARBOHIDRATOS RECOMENDADOS (BAJO ÍNDICE GLUCÉMICO)
A2: ALIMENTO | B2: TOTAL AL DÍA (SI SOLO COMES ESTE) | C2: POR COMIDA (3 COMIDAS)
A3: Tortilla de Maíz (Nixtamal) | B3: =ROUND('2. RESULTADOS'!$B$4/15*1, 1) -> 21.5 | C3: =ROUND(('2. RESULTADOS'!$B$4/3)/15*1, 1) -> 7.2
A4: Arroz Integral cocido | B4: =ROUND('2. RESULTADOS'!$B$4/15*0.25, 1) -> 5.4 | C4: =ROUND(('2. RESULTADOS'!$B$4/3)/15*0.25, 1) -> 1.8
A5: Avena Integral (hojuelas) | B5: =ROUND('2. RESULTADOS'!$B$4/15*0.33, 1) -> 7.1 | C5: =ROUND(('2. RESULTADOS'!$B$4/3)/15*0.33, 1) -> 2.4
A6: Quinoa cocida | B6: =ROUND('2. RESULTADOS'!$B$4/15*0.25, 1) -> 5.4 | C6: =ROUND(('2. RESULTADOS'!$B$4/3)/15*0.25, 1) -> 1.8
A7: Leguminosas (Frijol/Lenteja) | B7: =ROUND('2. RESULTADOS'!$B$4/15*0.5, 1) -> 10.8 | C7: =ROUND(('2. RESULTADOS'!$B$4/3)/15*0.5, 1) -> 3.6
A8: Papa cocida con cáscara | B8: =ROUND('2. RESULTADOS'!$B$4/15*0.5, 1) -> 10.8 | C8: =ROUND(('2. RESULTADOS'!$B$4/3)/15*0.5, 1) -> 3.6
A9: Fruta (Moras/Fresa/Manzana) | B9: =ROUND('2. RESULTADOS'!$B$4/15*1, 1) -> 21.5 | C9: =ROUND(('2. RESULTADOS'!$B$4/3)/15*1, 1) -> 7.2

Sheet 5. RECOMENDACIONES
A1: ORDEN | B1: Comer primero fibra/vegetales, luego proteína y al final el carbohidrato.
A2: AZÚCAR | B2: Cero azúcar añadida. Usar Stevia o Monkfruit si es necesario (aunque no es recomendable).
A3: HIDRATACIÓN | B3: Agua natural o de jamaica/limón sin azúcar.
A4: PICOS | B4: Nunca comer carbohidratos solos; siempre con proteína/grasa.
B5: Caminata de al menos 10 min despues de comer.
A9: RECOMENDACIONES CLAVE ADICIONALES
A11: 1. FACTOR EMOCIONAL
A12: La ansiedad, el estrés crónico y el mal sueño elevan cortisol. Eso puede dificultar el control de la glucosa y de la insulina aunque la alimentación esté bien estructurada. Por eso, además de la dieta, conviene trabajar sueño, manejo de estrés, caminatas, respiración y apoyo psicológico si hace falta.
A16: 2. DESMITIFICACIÓN
A17: Los suplementos no sustituyen el medicamento.
A20: 3. SUPLEMENTOS Y APOYOS CONSIDERADOS EN LA GUÍA
A21: Metabolismo y glucosa | B21: Magnesio | C21: Apoyo al metabolismo de glucosa y sensibilidad a la insulina
A22: Metabolismo y glucosa | B22: Omega-3 | C22: Salud cardiovascular y reducción de triglicéridos
A23: Metabolismo y glucosa | B23: Fibra soluble (Psyllium Husk) | C23: Ayuda a retardar la absorción de azúcar
A24: Metabolismo y glucosa | B24: Berberina | C24: Actúa de forma similar a la metformina activando la vía AMPK
A26: Estrés y enfoque | B26: Ashwagandha | C26: Ayuda a regular el cortisol
A27: Estrés y enfoque | B27: Alfa-GPC o Citicolina | C27: Útiles para la neblina mental
A29: Densidad nutricional | B29: Cúrcuma con piperina | C29: Potente antiinflamatorio
A30: Densidad nutricional | B30: Canela (Ceilán) | C30: Puede mejorar ligeramente la glucosa en ayunas
A31: Densidad nutricional | B31: Vinagre de sidra de manzana | C31: Puede mejorar la sensibilidad a la insulina postprandial | D31: 10-20MIN ANTES DE LA COMIDA
A33: Nota: Todo suplemento debe considerarse complemento de la alimentación y del tratamiento médico. Si la persona usa metformina, insulina u otros fármacos, conviene revisar interacciones y seguimiento profesional. ESPECIAL CUIDADO Y CONSULTA CON BERBERINA.
